{"Chamber Contour": {"x (m)": [0.0, 0.005, 0.01, 0.015, 0.02, 0.025, 0.03, 0.035, 0.04, 0.045, 0.05, 0.055, 0.06, 0.065, 0.07, 0.075, 0.08, 0.085, 0.09, 0.095, 0.1, 0.105, 0.11, 0.115, 0.12, 0.125, 0.13, 0.135, 0.14, 0.145, 0.15, 0.155, 0.16, 0.165, 0.17, 0.175, 0.18, 0.185, 0.19, 0.195, 0.2, 0.205, 0.21, 0.215, 0.22, 0.225, 0.23, 0.235, 0.24, 0.245, 0.25, 0.255, 0.26, 0.265, 0.27, 0.275, 0.278], "y (m)": [0.048, 0.048, 0.048, 0.048, 0.048, 0.048, 0.048, 0.048, 0.048, 0.048, 0.048, 0.048, 0.048, 0.048, 0.048, 0.048, 0.048, 0.048, 0.048, 0.048, 0.048, 0.048, 0.048, 0.048, 0.047, 0.047, 0.046, 0.045, 0.044, 0.043, 0.041, 0.038, 0.036, 0.034, 0.033, 0.031, 0.03, 0.029, 0.029, 0.028, 0.028, 0.028, 0.028, 0.029, 0.029, 0.03, 0.031, 0.032, 0.033, 0.035, 0.037, 0.038, 0.039, 0.04, 0.041, 0.043, 0.044]}, "Channel width": {"x (m)": [0.0, 0.01, 0.02, 0.03, 0.04, 0.05, 0.06, 0.07, 0.08, 0.09, 0.1, 0.11, 0.12, 0.13, 0.14, 0.15, 0.16, 0.17, 0.18, 0.19, 0.2, 0.21, 0.22, 0.23, 0.24, 0.25, 0.26, 0.27, 0.28, 0.283], "w (m)": [0.0102, 0.0109, 0.0115, 0.0122, 0.0127, 0.0132, 0.0136, 0.0138, 0.0138, 0.0136, 0.0133, 0.0128, 0.0124, 0.0118, 0.0113, 0.0108, 0.0103, 0.0098, 0.0094, 0.009, 0.0088, 0.0091, 0.0099, 0.011, 0.013, 0.0159, 0.0209, 0.0276, 0.0343, 0.0365]}, "Coolant static pressure": {"x (m)": [-0.008, -0.007, 0.063, 0.076, 0.101, 0.127, 0.151, 0.177, 0.202, 0.202, 0.189, 0.202, 0.202, 0.202, 0.202, 0.202, 0.27, 0.273], "p (Pa)": [847148.864, 836117.248, 816122.444, 809227.684, 785785.5, 760964.364, 731316.896, 693395.716, 443805.404, 521716.192, 643063.968, 566532.132, 551363.66, 521026.716, 592042.744, 546537.328, 152157.056, 147330.724]}, "Coolant temperature": {"x (m)": [-0.011, -0.01, 0.063, 0.076, 0.1, 0.125, 0.151, 0.176, 0.227, 0.227, 0.227, 0.227, 0.227, 0.227, 0.227, 0.227, 0.27, 0.274], "T (K)": [42.777812, 42.8889232, 82.222288, 99.444524, NaN, 152.7779, 188.333484, 204.16683, 260.555764, 218.889064, 233.33352, 241.944638, 258.33354, 241.389082, 275.2224424, 272.777996, 292.222456, 291.6669]}}