{"Chamber Contour": {"x (m)": [0.0, 0.001, 0.002, 0.003, 0.004, 0.005, 0.006, 0.007, 0.008, 0.009, 0.01, 0.011, 0.012, 0.013, 0.014, 0.015, 0.016, 0.017, 0.018, 0.019, 0.02, 0.021, 0.022, 0.023, 0.024, 0.025, 0.026, 0.027, 0.028, 0.029, 0.03, 0.031, 0.032, 0.033, 0.034, 0.035, 0.036, 0.037, 0.038, 0.039, 0.04, 0.041, 0.042, 0.043, 0.044, 0.045, 0.046, 0.047, 0.048, 0.049, 0.05, 0.051, 0.052, 0.053, 0.054, 0.055, 0.056, 0.057, 0.058, 0.059, 0.06, 0.061, 0.062, 0.063, 0.064, 0.065, 0.066, 0.067, 0.068, 0.069, 0.07, 0.071, 0.072, 0.073, 0.074, 0.075, 0.076, 0.077, 0.078, 0.079, 0.08, 0.081, 0.082, 0.083, 0.084, 0.085, 0.086, 0.087, 0.088, 0.089, 0.09, 0.091, 0.092, 0.093, 0.094, 0.095, 0.096, 0.097, 0.098, 0.099, 0.1, 0.101, 0.102, 0.103, 0.104, 0.105, 0.106, 0.107, 0.108, 0.109, 0.11, 0.111, 0.112, 0.113, 0.114, 0.115, 0.116, 0.117, 0.118, 0.119, 0.12, 0.121, 0.122, 0.123, 0.124, 0.125, 0.126, 0.127, 0.128, 0.129, 0.13, 0.131, 0.132, 0.133, 0.134, 0.135, 0.136, 0.137, 0.138, 0.139, 0.14, 0.141, 0.142, 0.143, 0.144, 0.145, 0.146, 0.147, 0.148, 0.149, 0.15, 0.151, 0.152, 0.153, 0.154, 0.155, 0.156, 0.157, 0.158, 0.159, 0.16, 0.161, 0.162, 0.163, 0.164, 0.165, 0.166, 0.167, 0.168, 0.169, 0.17, 0.171, 0.172, 0.173, 0.174, 0.175, 0.176, 0.177, 0.178, 0.179, 0.18, 0.181, 0.182, 0.183, 0.184, 0.185, 0.186, 0.187, 0.188, 0.189, 0.19, 0.191, 0.192, 0.193, 0.194, 0.195, 0.196, 0.197, 0.198, 0.199, 0.2, 0.201, 0.202, 0.203, 0.204, 0.205, 0.206, 0.207, 0.208, 0.209, 0.21, 0.211, 0.212, 0.213, 0.214, 0.215, 0.216, 0.217, 0.218, 0.219, 0.22, 0.221, 0.222, 0.223, 0.224, 0.225, 0.226, 0.227, 0.228, 0.229, 0.23, 0.231, 0.232, 0.233, 0.234, 0.235, 0.236, 0.237, 0.238, 0.239, 0.24, 0.241, 0.242, 0.243, 0.244, 0.245, 0.246, 0.247, 0.248, 0.249, 0.25, 0.251, 0.252, 0.253, 0.254, 0.255, 0.256, 0.257, 0.258, 0.259, 0.26, 0.261, 0.262, 0.263, 0.264, 0.265, 0.266, 0.267, 0.268, 0.269, 0.27, 0.271, 0.272, 0.273, 0.274, 0.275, 0.276, 0.277], "y (m)": [0.04778, 0.04778, 0.04778, 0.04778, 0.04778, 0.04778, 0.04778, 0.04778, 0.04778, 0.04778, 0.04778, 0.04778, 0.04778, 0.04778, 0.04778, 0.04778, 0.04778, 0.04778, 0.04778, 0.04778, 0.04778, 0.04778, 0.04778, 0.04778, 0.04778, 0.04778, 0.04778, 0.04778, 0.04778, 0.04778, 0.04778, 0.04778, 0.04778, 0.04778, 0.04778, 0.04778, 0.04778, 0.04778, 0.04778, 0.04778, 0.04778, 0.04778, 0.04778, 0.04778, 0.04778, 0.04778, 0.04778, 0.04778, 0.04778, 0.04778, 0.04778, 0.04778, 0.04778, 0.04778, 0.04778, 0.04778, 0.04778, 0.04778, 0.04778, 0.04778, 0.04778, 0.04778, 0.04778, 0.04778, 0.04778, 0.04778, 0.04778, 0.04778, 0.04778, 0.04778, 0.04778, 0.04778, 0.04778, 0.04778, 0.04778, 0.04778, 0.04778, 0.04778, 0.04778, 0.04778, 0.04778, 0.04778, 0.04778, 0.04778, 0.04778, 0.04778, 0.04778, 0.04778, 0.04778, 0.04778, 0.04778, 0.04778, 0.04778, 0.04778, 0.04778, 0.04778, 0.04778, 0.04778, 0.04778, 0.04778, 0.04778, 0.04778, 0.04778, 0.04778, 0.04778, 0.04778, 0.04778, 0.04778, 0.04778, 0.04778, 0.04778, 0.04778, 0.04774, 0.0477, 0.04767, 0.04763, 0.04759, 0.04755, 0.04747, 0.04736, 0.04726, 0.04716, 0.04706, 0.04696, 0.04685, 0.04673, 0.04662, 0.04651, 0.04639, 0.04628, 0.04617, 0.04598, 0.04579, 0.04559, 0.0454, 0.0452, 0.04494, 0.04468, 0.04442, 0.04416, 0.0439, 0.04364, 0.04339, 0.04303, 0.04266, 0.0423, 0.04194, 0.04157, 0.04121, 0.04084, 0.04044, 0.04004, 0.03965, 0.03925, 0.03886, 0.03846, 0.03806, 0.03767, 0.03727, 0.03688, 0.03648, 0.03608, 0.03569, 0.03529, 0.03496, 0.03463, 0.03431, 0.03398, 0.03365, 0.03332, 0.033, 0.03267, 0.03234, 0.03202, 0.03169, 0.03145, 0.03122, 0.03099, 0.03076, 0.03053, 0.0303, 0.03007, 0.02984, 0.02961, 0.02946, 0.02932, 0.02919, 0.02905, 0.02891, 0.02878, 0.02864, 0.0285, 0.02836, 0.02823, 0.02809, 0.02803, 0.02799, 0.02795, 0.02791, 0.02787, 0.02783, 0.02779, 0.02775, 0.02773, 0.02778, 0.02783, 0.02788, 0.02793, 0.02798, 0.02803, 0.02809, 0.02814, 0.0282, 0.02831, 0.02843, 0.02854, 0.02866, 0.02877, 0.02889, 0.029, 0.02912, 0.02923, 0.02936, 0.02958, 0.0298, 0.03002, 0.03024, 0.03046, 0.03068, 0.0309, 0.03112, 0.03134, 0.03156, 0.03181, 0.03209, 0.03237, 0.03265, 0.03292, 0.0332, 0.03348, 0.03374, 0.034, 0.03426, 0.03451, 0.03477, 0.03503, 0.03529, 0.03556, 0.03583, 0.0361, 0.03637, 0.03664, 0.03691, 0.03718, 0.03745, 0.03772, 0.03797, 0.03823, 0.03849, 0.03874, 0.039, 0.03926, 0.03951, 0.03979, 0.04008, 0.04038, 0.04067, 0.04096, 0.04126, 0.04155, 0.04183, 0.0421, 0.04237, 0.04264, 0.04292, 0.04319, 0.04346, 0.04373]}, "Channel width": {"x (m)": [0.0, 0.01, 0.02, 0.03, 0.04, 0.05, 0.06, 0.07, 0.08, 0.09, 0.1, 0.11, 0.12, 0.13, 0.14, 0.15, 0.16, 0.17, 0.18, 0.19, 0.2, 0.21, 0.22, 0.23, 0.24, 0.25, 0.26, 0.27, 0.28, 0.283], "w (m)": [0.0102, 0.0109, 0.0115, 0.0122, 0.0127, 0.0132, 0.0136, 0.0138, 0.0138, 0.0136, 0.0133, 0.0128, 0.0124, 0.0118, 0.0113, 0.0108, 0.0103, 0.0098, 0.0094, 0.009, 0.0088, 0.0091, 0.0099, 0.011, 0.013, 0.0159, 0.0209, 0.0276, 0.0343, 0.0365]}, "Coolant static pressure": {"x (m)": [-0.008, -0.007, 0.063, 0.076, 0.101, 0.127, 0.151, 0.177, 0.202, 0.202, 0.189, 0.202, 0.202, 0.202, 0.202, 0.202, 0.27, 0.273], "p (Pa)": [847148.864, 836117.248, 816122.444, 809227.684, 785785.5, 760964.364, 731316.896, 693395.716, 443805.404, 521716.192, 643063.968, 566532.132, 551363.66, 521026.716, 592042.744, 546537.328, 152157.056, 147330.724]}, "Coolant temperature": {"x (m)": [-0.011, -0.01, 0.063, 0.076, 0.1, 0.125, 0.151, 0.176, 0.227, 0.227, 0.227, 0.227, 0.227, 0.227, 0.227, 0.227, 0.27, 0.274], "T (K)": [42.777812, 42.8889232, 82.222288, 99.444524, NaN, 152.7779, 188.333484, 204.16683, 260.555764, 218.889064, 233.33352, 241.944638, 258.33354, 241.389082, 275.2224424, 272.777996, 292.222456, 291.6669]}, "Heat flux": {"x (m)": [0.005, 0.01, 0.015, 0.02, 0.025, 0.03, 0.035, 0.04, 0.045, 0.05, 0.055, 0.06, 0.065, 0.07, 0.075, 0.08, 0.085, 0.09, 0.095, 0.1, 0.105, 0.11, 0.115, 0.12, 0.125, 0.13, 0.135, 0.14, 0.145, 0.15, 0.155, 0.16, 0.165, 0.17, 0.175, 0.18, 0.185, 0.19, 0.195, 0.2, 0.205, 0.21, 0.215, 0.22, 0.225, 0.23, 0.235, 0.24, 0.245, 0.25, 0.255, 0.26, 0.265, 0.27, 0.275], "q (W/m2)": [588204.433, 696313.827, 804423.221, 971913.653, 1149732.93, 1327552.206, 1505371.483, 1666240.545, 1809277.589, 1952314.634, 2080751.684, 2202838.858, 2323244.237, 2440322.706, 2557401.176, 2670392.78, 2752256.748, 2834120.717, 2915984.686, 2981596.965, 3013292.674, 3044988.382, 3076684.091, 3108379.8, 3140075.508, 3171442.324, 3191224.043, 3211005.762, 3230787.481, 3284510.437, 3355347.83, 3438770.224, 3587987.881, 3767517.607, 4049257.24, 4338762.779, 4624110.397, 4773258.654, 4789605.505, 4713984.647, 4593462.693, 4420275.392, 4232885.775, 4045496.159, 3857795.98, 3669969.558, 3480954.713, 3289731.431, 3098508.148, 2907284.865, 2748603.903, 2590350.152, 2432096.401, 2319867.946, 2235346.057]}, "Predicted temperatures": {"x (m)": [0.0, 0.005, 0.01, 0.015, 0.02, 0.025, 0.03, 0.035, 0.04, 0.045, 0.05, 0.055, 0.06, 0.065, 0.07, 0.075, 0.08, 0.085, 0.09, 0.095, 0.1, 0.105, 0.11, 0.115, 0.12, 0.125, 0.13, 0.135, 0.14, 0.145, 0.15, 0.155, 0.16, 0.165, 0.17, 0.175, 0.18, 0.185, 0.19, 0.195, 0.2, 0.205, 0.21, 0.215, 0.22, 0.225, 0.23, 0.235, 0.24, 0.245, 0.25, 0.255, 0.26, 0.265, 0.27, 0.275], "Tc (K)": [43.516, 41.977, 40.438, 40.997, 45.461, 49.925, 54.388, 58.266, 61.345, 64.423, 67.502, 70.58, 73.659, 78.462, 83.906, 89.35, 94.793, 100.434, 106.156, 111.879, 117.602, 122.755, 127.828, 132.9, 137.972, 146.002, 156.383, 166.764, 177.145, 186.083, 192.17, 198.257, 204.344, 210.468, 218.773, 227.078, 235.382, 243.687, 250.2, 256.252, 262.305, 268.358, 274.41, 280.455, 284.607, 288.76, 292.912, 297.064, 299.485, 301.426, 303.367, 305.308, 306.438, 305.349, 304.261, 303.172],