{"Chamber Contour": {"x (m)": [0.0, 0.005, 0.01, 0.015, 0.02, 0.025, 0.03, 0.035, 0.04, 0.045, 0.05, 0.055, 0.06, 0.065, 0.07, 0.075, 0.08, 0.085, 0.09, 0.095, 0.1, 0.105, 0.11, 0.115, 0.12, 0.125, 0.13, 0.135, 0.14, 0.145, 0.15, 0.155, 0.16, 0.165, 0.17, 0.175, 0.18, 0.185, 0.19, 0.195, 0.2, 0.205, 0.21, 0.215, 0.22, 0.225, 0.23, 0.235, 0.24, 0.245, 0.25, 0.255, 0.26, 0.265, 0.27, 0.275, 0.278], "y (m)": [0.048, 0.048, 0.048, 0.048, 0.048, 0.048, 0.048, 0.048, 0.048, 0.048, 0.048, 0.048, 0.048, 0.048, 0.048, 0.048, 0.048, 0.048, 0.048, 0.048, 0.048, 0.048, 0.048, 0.048, 0.047, 0.047, 0.046, 0.045, 0.044, 0.043, 0.041, 0.038, 0.036, 0.034, 0.033, 0.031, 0.03, 0.029, 0.029, 0.028, 0.028, 0.028, 0.028, 0.029, 0.029, 0.03, 0.031, 0.032, 0.033, 0.035, 0.037, 0.038, 0.039, 0.04, 0.041, 0.043, 0.044]}, "Channel width": {"x (m)": [0.0, 0.01, 0.02, 0.03, 0.04, 0.05, 0.06, 0.07, 0.08, 0.09, 0.1, 0.11, 0.12, 0.13, 0.14, 0.15, 0.16, 0.17, 0.18, 0.19, 0.2, 0.21, 0.22, 0.23, 0.24, 0.25, 0.26, 0.27, 0.28, 0.283], "w (m)": [0.0102, 0.0109, 0.0115, 0.0122, 0.0127, 0.0132, 0.0136, 0.0138, 0.0138, 0.0136, 0.0133, 0.0128, 0.0124, 0.0118, 0.0113, 0.0108, 0.0103, 0.0098, 0.0094, 0.009, 0.0088, 0.0091, 0.0099, 0.011, 0.013, 0.0159, 0.0209, 0.0276, 0.0343, 0.0365]}, "Coolant static pressure": {"x (m)": [-0.008, -0.007, 0.063, 0.076, 0.101, 0.127, 0.151, 0.177, 0.202, 0.202, 0.189, 0.202, 0.202, 0.202, 0.202, 0.202, 0.27, 0.273], "p (Pa)": [847148.864, 836117.248, 816122.444, 809227.684, 785785.5, 760964.364, 731316.896, 693395.716, 443805.404, 521716.192, 643063.968, 566532.132, 551363.66, 521026.716, 592042.744, 546537.328, 152157.056, 147330.724]}, "Coolant temperature": {"x (m)": [-0.011, -0.01, 0.063, 0.076, 0.1, 0.125, 0.151, 0.176, 0.227, 0.227, 0.227, 0.227, 0.227, 0.227, 0.227, 0.227, 0.27, 0.274], "T (K)": [42.777812, 42.8889232, 82.222288, 99.444524, NaN, 152.7779, 188.333484, 204.16683, 260.555764, 218.889064, 233.33352, 241.944638, 258.33354, 241.389082, 275.2224424, 272.777996, 292.222456, 291.6669]}, "Heat flux": {"x (m)": [0.005, 0.01, 0.015, 0.02, 0.025, 0.03, 0.035, 0.04, 0.045, 0.05, 0.055, 0.06, 0.065, 0.07, 0.075, 0.08, 0.085, 0.09, 0.095, 0.1, 0.105, 0.11, 0.115, 0.12, 0.125, 0.13, 0.135, 0.14, 0.145, 0.15, 0.155, 0.16, 0.165, 0.17, 0.175, 0.18, 0.185, 0.19, 0.195, 0.2, 0.205, 0.21, 0.215, 0.22, 0.225, 0.23, 0.235, 0.24, 0.245, 0.25, 0.255, 0.26, 0.265, 0.27, 0.275], "q (W/m2)": [588204.433, 696313.827, 804423.221, 971913.653, 1149732.93, 1327552.206, 1505371.483, 1666240.545, 1809277.589, 1952314.634, 2080751.684, 2202838.858, 2323244.237, 2440322.706, 2557401.176, 2670392.78, 2752256.748, 2834120.717, 2915984.686, 2981596.965, 3013292.674, 3044988.382, 3076684.091, 3108379.8, 3140075.508, 3171442.324, 3191224.043, 3211005.762, 3230787.481, 3284510.437, 3355347.83, 3438770.224, 3587987.881, 3767517.607, 4049257.24, 4338762.779, 4624110.397, 4773258.654, 4789605.505, 4713984.647, 4593462.693, 4420275.392, 4232885.775, 4045496.159, 3857795.98, 3669969.558, 3480954.713, 3289731.431, 3098508.148, 2907284.865, 2748603.903, 2590350.152, 2432096.401, 2319867.946, 2235346.057]}, "Predicted temperatures": {"x (m)": [0.0, 0.005, 0.01, 0.015, 0.02, 0.025, 0.03, 0.035, 0.04, 0.045, 0.05, 0.055, 0.06, 0.065, 0.07, 0.075, 0.08, 0.085, 0.09, 0.095, 0.1, 0.105, 0.11, 0.115, 0.12, 0.125, 0.13, 0.135, 0.14, 0.145, 0.15, 0.155, 0.16, 0.165, 0.17, 0.175, 0.18, 0.185, 0.19, 0.195, 0.2, 0.205, 0.21, 0.215, 0.22, 0.225, 0.23, 0.235, 0.24, 0.245, 0.25, 0.255, 0.26, 0.265, 0.27, 0.275], "Tc (K)": [43.516, 41.977, 40.438, 40.997, 45.461, 49.925, 54.388, 58.266, 61.345, 64.423, 67.502, 70.58, 73.659, 78.462, 83.906, 89.35, 94.793, 100.434, 106.156, 111.879, 117.602, 122.755, 127.828, 132.9, 137.972, 146.002, 156.383, 166.764, 177.145, 186.083, 192.17, 198.257, 204.344, 210.468, 218.773, 227.078, 235.382, 243.687, 250.2, 256.252, 262.305, 268.358, 274.41, 280.455, 284.607, 288.76, 292.912, 297.064, 299.485, 301.426, 303.367, 305.308, 306.438, 305.349, 304.261, 303.172], "Twc (K)": [74.491, 102.39, 146.603, 212.497, 292.468, 396.623, 514.102, 629.99, 740.739, 829.617, 891.423, 945.903, 989.937, 1020.626, 1029.259, 1033.876, 1038.494, 1014.709, 990.902, 966.959, 940.634, 914.309, 887.984, 862.693, 840.946, 819.2, 797.453, 780.9, 772.221, 763.541, 754.862, 756.367, 759.481, 762.596, 765.71, 785.943, 815.702, 830.022, 829.09, 812.351, 790.642, 766.091, 739.705, 712.426, 707.25, 704.37, 701.491, 706.931, 713.694, 720.457, 731.189, 744.318, 757.447, 771.926, 789.781, 807.636], "Twh1 (K)": [135.837, 174.895, 229.417, 304.49, 393.716, 521.252, 663.065, 815.129, 950.097, 1037.247, 1113.351, 1161.296, 1209.24, 1238.365, 1256.499, 1274.633, 1281.357, 1276.206, 1271.056, 1250.44, 1228.797, 1207.154, 1177.846, 1145.226, 1115.321, 1101.292, 1087.263, 1073.234, 1072.341, 1076.805, 1081.269, 1093.705, 1108.584, 1128.123, 1154.38, 1185.986, 1219.464, 1252.943, 1280.268, 1283.238, 1260.919, 1218.15, 1171.796, 1134.03, 1116.446, 1098.861, 1081.716, 1071.571, 1061.426, 1062.153, 1064.093, 1070.359, 1079.038, 1087.718, 1096.993, 1111.196], "Twh2 (K)": [NaN, NaN, NaN, NaN, NaN, NaN, 2001.315, 1901.865, 1800.686, 1705.593, 1613.692, 1535.979, 1457.924, 1376.088, 1301.756, 1241.049, 1180.341, 1129.472, 1079.684, 1035.728, 1002.663, 969.598, 946.872, 928.611, 926.516, 938.263, 967.155, 1004.353, 1076.121, 1145.048, 1201.33, 1257.989, 1319.072, 1377.047, 1423.544, 1470.042, 1502.191, 1531.95, 1561.708, 1584.113, 1600.871, 1611.172, 1607.346, 1597.115, 1580.376, 1562.001, 1543.282, 1524.563, 1507.276, 1490.386, 1473.496, 1457.19, 1444.171, 1431.151, 1423.413, 1417.036], "Th (K)": [NaN, 2952.315, 2950.827, 2949.339, 2948.983, 2948.983, 2948.983, 2948.983, 2948.983, 2948.983, 2948.983, 2948.983, 2948.983, 2948.983, 2948.983, 2948.983, 2948.983, 2948.983, 2948.983, 2948.983, 2948.983, 2948.983, 2948.983, 2948.983, 2948.553, 2947.756, 2946.959, 2946.162, 2945.365, 2944.522, 2942.622, 2940.723, 2938.823, 2936.924, 2934.832, 2932.483, 2930.133, 2927.784, 2925.435, 2923.085, 2918.563, 2913.603, 2908.643, 2903.683, 2898.724, 2892.94, 2886.43, 2879.921, 2873.411, 2866.901, 2859.455, 2851.803, 2844.151, 2835.687, 2825.923, 2816.158]}}