{"Chamber contour": {"x (m)": [-0.35, -0.34, -0.33, -0.32, -0.31, -0.3, -0.29, -0.28, -0.27, -0.26, -0.25, -0.24, -0.23, -0.22, -0.21, -0.2, -0.19, -0.18, -0.17, -0.16, -0.15, -0.14, -0.13, -0.12, -0.11, -0.1, -0.09, -0.08, -0.07, -0.06, -0.05, -0.04, -0.03, -0.02, -0.01, 0.0, 0.01, 0.02, 0.03, 0.04, 0.05, 0.06, 0.07, 0.08, 0.09, 0.1, 0.11, 0.12, 0.13, 0.14, 0.15, 0.16, 0.17, 0.18, 0.19, 0.2, 0.21, 0.22, 0.23, 0.24], "y (m)": [0.22691, 0.2262, 0.22549, 0.2255, 0.22601, 0.22652, 0.22703, 0.22646, 0.22542, 0.22438, 0.22335, 0.22231, 0.21946, 0.21644, 0.21341, 0.21039, 0.20685, 0.20222, 0.19759, 0.19296, 0.18834, 0.18371, 0.179, 0.17421, 0.16942, 0.16464, 0.15985, 0.15512, 0.1507, 0.14628, 0.14187, 0.13745, 0.13502, 0.13365, 0.13228, 0.13278, 0.13389, 0.13803, 0.14229, 0.14952, 0.15722, 0.16492, 0.17208, 0.17908, 0.18608, 0.19309, 0.20021, 0.20754, 0.21486, 0.22219, 0.22915, 0.23585, 0.24255, 0.24926, 0.25598, 0.26273, 0.26948, 0.27623, 0.28298, 0.28974]}, "Channel height": {"x (m)": [-0.35, -0.34, -0.33, -0.32, -0.31, -0.3, -0.29, -0.28, -0.27, -0.26, -0.25, -0.24, -0.23, -0.22, -0.21, -0.2, -0.19, -0.18, -0.17, -0.16, -0.15, -0.14, -0.13, -0.12, -0.11, -0.1, -0.09, -0.08, -0.07, -0.06, -0.05, -0.04, -0.03, -0.02, -0.01, 0.0, 0.01, 0.02, 0.03, 0.04, 0.05, 0.06, 0.07, 0.08, 0.09, 0.1, 0.11, 0.12, 0.13, 0.14, 0.15, 0.16, 0.17, 0.18, 0.19, 0.2, 0.21, 0.22, 0.23, 0.24], "h (m)": [0.00249, 0.00249, 0.00249, 0.00249, 0.0025, 0.0025, 0.0025, 0.00249, 0.00249, 0.0025, 0.0025, 0.0025, 0.00251, 0.00251, 0.00251, 0.00251, 0.00252, 0.00255, 0.00258, 0.00261, 0.00266, 0.00275, 0.00283, 0.00273, 0.00262, 0.00252, 0.00238, 0.00224, 0.00216, 0.00227, 0.00237, 0.00246, 0.00255, 0.00265, 0.00275, 0.00293, 0.00348, 0.00399, 0.00444, 0.00471, 0.00491, 0.00498, 0.00501, 0.00504, 0.00508, 0.00513, 0.00525, 0.00537, 0.0055, 0.00562, 0.00574, 0.00586, 0.00599, 0.00611, 0.00611, 0.00611, 0.00611, 0.00611, 0.00611, 0.00611]}, "Channel width": {"x (m)": [-0.35, -0.34, -0.33, -0.32, -0.31, -0.3, -0.29, -0.28, -0.27, -0.26, -0.25, -0.24, -0.23, -0.22, -0.21, -0.2, -0.19, -0.18, -0.17, -0.16, -0.15, -0.14, -0.13, -0.12, -0.11, -0.1, -0.09, -0.08, -0.07, -0.06, -0.05, -0.04, -0.03, -0.02, -0.01, 0.0, 0.01, 0.02, 0.03, 0.04, 0.05, 0.06, 0.07, 0.08, 0.09, 0.1, 0.11, 0.12, 0.13, 0.14, 0.15, 0.16, 0.17, 0.18, 0.19, 0.2, 0.21, 0.22, 0.23, 0.24], "w (m)": [0.0016, 0.0016, 0.0016, 0.0016, 0.0016, 0.0016, 0.0016, 0.0016, 0.0016, 0.0016, 0.0016, 0.0016, 0.0016, 0.0016, 0.0016, 0.0015, 0.0015, 0.0014, 0.0013, 0.0013, 0.0012, 0.0011, 0.0011, 0.0011, 0.0011, 0.0011, 0.001, 0.001, 0.001, 0.001, 0.001, 0.001, 0.001, 0.001, 0.001, 0.001, 0.0011, 0.0011, 0.0011, 0.0011, 0.0011, 0.0011, 0.0012, 0.0013, 0.0013, 0.0014, 0.0015, 0.0016, 0.0016, 0.0016, 0.0016, 0.0016, 0.0016, 0.0016, 0.0016, 0.0016, 0.0016, 0.0016, 0.0016, 0.0016]}, "Wall thickness": {"x (m)": [-0.35, -0.34, -0.33, -0.32, -0.31, -0.3, -0.29, -0.28, -0.27, -0.26, -0.25, -0.24, -0.23, -0.22, -0.21, -0.2, -0.19, -0.18, -0.17, -0.16, -0.15, -0.14, -0.13, -0.12, -0.11, -0.1, -0.09, -0.08, -0.07, -0.06, -0.05, -0.04, -0.03, -0.02, -0.01, 0.0, 0.01, 0.02, 0.03, 0.04, 0.05, 0.06, 0.07, 0.08, 0.09, 0.1, 0.11, 0.12, 0.13, 0.14, 0.15, 0.16, 0.17, 0.18, 0.19, 0.2, 0.21, 0.22, 0.23, 0.24], "t (m)": [0.0009, 0.0009, 0.0009, 0.0009, 0.0009, 0.0009, 0.0009, 0.0009, 0.0009, 0.0009, 0.0009, 0.0009, 0.0009, 0.0009, 0.0009, 0.0009, 0.0009, 0.0009, 0.0009, 0.0009, 0.00086, 0.00081, 0.00077, 0.00073, 0.00071, 0.00072, 0.00072, 0.00072, 0.00072, 0.00072, 0.00072, 0.00072, 0.00072, 0.00072, 0.00072, 0.00073, 0.00073, 0.00073, 0.00075, 0.00083, 0.00087, 0.0009, 0.0009, 0.0009, 0.0009, 0.0009, 0.0009, 0.0009, 0.0009, 0.0009, 0.0009, 0.0009, 0.0009, 0.0009, 0.0009, 0.0009, 0.0009, 0.00089, 0.00089, 0.00089]}, "Rib thickness": {"x (m)": [-0.35, -0.34, -0.33, -0.32, -0.31, -0.3, -0.29, -0.28, -0.27, -0.26, -0.25, -0.24, -0.23, -0.22, -0.21, -0.2, -0.19, -0.18, -0.17, -0.16, -0.15, -0.14, -0.13, -0.12, -0.11, -0.1, -0.09, -0.08, -0.07, -0.06, -0.05, -0.04, -0.03, -0.02, -0.01, 0.0, 0.01, 0.02, 0.03, 0.04, 0.05, 0.06, 0.07, 0.08, 0.09, 0.1, 0.11, 0.12, 0.13, 0.14, 0.15, 0.16, 0.17, 0.18, 0.19, 0.2, 0.21, 0.22, 0.23, 0.24], "t (m)": [0.00206, 0.00206, 0.00207, 0.00207, 0.00207, 0.00206, 0.00206, 0.00205, 0.00205, 0.00204, 0.00201, 0.00198, 0.00195, 0.00192, 0.00188, 0.00184, 0.00179, 0.00175, 0.00177, 0.00179, 0.00181, 0.00183, 0.00181, 0.00175, 0.00169, 0.00162, 0.00155, 0.00147, 0.0014, 0.00133, 0.00128, 0.00123, 0.00118, 0.00114, 0.00113, 0.00112, 0.00114, 0.00119, 0.00125, 0.00137, 0.00148, 0.00155, 0.0016, 0.00158, 0.00157, 0.00156, 0.00167, 0.00178, 0.00189, 0.002, 0.00211, 0.00222, 0.00233, 0.00244, 0.00254, 0.00265, 0.00275, 0.00286, 0.00296, 0.00307]}, "Coolant temperature": {"x (m)": [-0.31, -0.3, -0.29, -0.28, -0.27, -0.26, -0.25, -0.24, -0.23, -0.22, -0.21, -0.2, -0.19, -0.18, -0.17, -0.16, -0.15, -0.14, -0.13, -0.12, -0.11, -0.1, -0.09, -0.08, -0.07, -0.06, -0.05, -0.04, -0.03, -0.02, -0.01, 0.0, 0.01, 0.02, 0.03, 0.04, 0.05, 0.06, 0.07, 0.08, 0.09, 0.1, 0.11, 0.12, 0.13, 0.14, 0.15, 0.16, 0.17, 0.18, 0.19, 0.2], "T (K)": [294.053, 289.099, 284.145, 279.19, 274.236, 269.07, 263.27, 257.469, 251.669, 245.869, 240.069, 234.268, 228.383, 222.269, 216.155, 210.041, 203.928, 197.814, 191.7, 185.64, 179.711, 173.781, 167.805, 161.121, 154.437, 147.753, 141.509, 135.527, 129.546, 123.565, 117.926, 112.336, 106.745, 101.065, 97.676, 96.625, 94.716, 91.604, 88.492, 85.721, 83.175, 80.629, 78.088, 75.574, 73.06, 70.546, 68.032, 65.518, 63.004, 60.489, 57.975, 55.461]}}